{
  "threshold": 0.5000000000000001,
  "f1": 0.4465140990881886
}