{
    "baseline_profit": -271262513.1225,
    "optimal_threshold": 0.36000000000000004,
    "max_profit": 34536258.03999999,
    "profit_curve": {
        "thresholds": [
            0.01,
            0.02,
            0.03,
            0.04,
            0.05,
            0.060000000000000005,
            0.06999999999999999,
            0.08,
            0.09,
            0.09999999999999999,
            0.11,
            0.12,
            0.13,
            0.14,
            0.15000000000000002,
            0.16,
            0.17,
            0.18000000000000002,
            0.19,
            0.2,
            0.21000000000000002,
            0.22,
            0.23,
            0.24000000000000002,
            0.25,
            0.26,
            0.27,
            0.28,
            0.29000000000000004,
            0.3,
            0.31,
            0.32,
            0.33,
            0.34,
            0.35000000000000003,
            0.36000000000000004,
            0.37,
            0.38,
            0.39,
            0.4,
            0.41000000000000003,
            0.42000000000000004,
            0.43,
            0.44,
            0.45,
            0.46,
            0.47000000000000003,
            0.48000000000000004,
            0.49,
            0.5,
            0.51,
            0.52,
            0.53,
            0.54,
            0.55,
            0.56,
            0.5700000000000001,
            0.5800000000000001,
            0.59,
            0.6,
            0.61,
            0.62,
            0.63,
            0.64,
            0.65,
            0.66,
            0.67,
            0.68,
            0.6900000000000001,
            0.7000000000000001,
            0.7100000000000001,
            0.72,
            0.73,
            0.74,
            0.75,
            0.76,
            0.77,
            0.78,
            0.79,
            0.8,
            0.81,
            0.8200000000000001,
            0.8300000000000001,
            0.8400000000000001,
            0.85,
            0.86,
            0.87,
            0.88,
            0.89,
            0.9,
            0.91,
            0.92,
            0.93,
            0.9400000000000001,
            0.9500000000000001,
            0.9600000000000001,
            0.97,
            0.98,
            0.99
        ],
        "profits": [
            3446.9,
            69136.86000000002,
            251856.70000000007,
            676526.6174999999,
            1332556.3849999998,
            2013925.1149999998,
            2946575.4125,
            3882544.2125000004,
            4752680.58,
            5838097.78,
            7086396.109999999,
            8312260.2775,
            9363371.94,
            10789440.9975,
            12316582.315000001,
            13777524.485,
            15432976.607500002,
            16937848.2,
            18389076.8775,
            20004905.36,
            21557637.674999997,
            22841295.7175,
            24418807.012500003,
            25844407.4225,
            27229628.645000003,
            28198686.619999997,
            29095885.565000005,
            30503773.940000005,
            31696933.91749999,
            32290887.83,
            33099506.0175,
            33700028.94,
            34035938.7975,
            34330892.53,
            34416163.8,
            34536258.03999999,
            34156688.980000004,
            34036941.86500001,
            33704246.7175,
            33357471.747500002,
            32301047.492500007,
            31324010.067499995,
            29909190.362500012,
            28711241.722499996,
            27151737.035000026,
            25077440.672500014,
            23279047.83249998,
            21572823.254999995,
            19043547.455000013,
            16281082.129999995,
            13010830.057500005,
            9597035.879999995,
            5546972.327499986,
            1003432.8250000179,
            -3658729.0450000167,
            -7773340.835000008,
            -12198424.867500007,
            -17452525.2825,
            -21714882.504999995,
            -27502647.629999995,
            -33779449.754999995,
            -40260508.65999997,
            -47622650.89749998,
            -55658650.58500004,
            -62902715.452499986,
            -70336765.36499995,
            -78014281.67000002,
            -85802003.60250002,
            -94277059.53250003,
            -103924549.16999996,
            -113259823.04999995,
            -122724818.26249999,
            -132032649.08500004,
            -141823313.485,
            -151008348.15250003,
            -161320796.82750005,
            -171390327.52750003,
            -180387472.8775,
            -190311795.1775,
            -199864688.95999998,
            -209091453.14499998,
            -218085069.9225,
            -226180130.58750004,
            -234134363.565,
            -241864995.41750002,
            -248975862.1825,
            -254936403.745,
            -259948251.70500004,
            -264196257.76500005,
            -267041938.35000002,
            -268916408.345,
            -269855517.46500003,
            -270731772.6625,
            -271061111.1225,
            -271198633.1225,
            -271234513.1225,
            -271234513.1225,
            -271262513.1225,
            -271262513.1225
        ]
    }
}